nom_mun,mun,amenities_rate
Milpa Alta,9.0,1.0642973473439974
Tláhuac,11.0,1.2378238908079306
Xochimilco,13.0,1.261273705498531
Iztapalapa,7.0,1.3063211035796398
Gustavo A. Madero,5.0,1.3298271387561875
