mun,nom_mun,pct_internet
14.0,Benito Juárez,0.8089583135409739
3.0,Coyoacán,0.7590854901357535
16.0,Miguel Hidalgo,0.7418767948344441
10.0,Álvaro Obregón,0.7162822016778964
2.0,Azcapotzalco,0.7089188049350319
8.0,La Magdalena Contreras,0.707974002376127
4.0,Cuajimalpa de Morelos,0.7046376327262233
6.0,Iztacalco,0.6993585557902823
15.0,Cuauhtémoc,0.6918729651698508
12.0,Tlalpan,0.6754641597074226
